Phenotype,Variable,N_Carriers,Carriers_Pheno_Rate,N_Controls,Controls_Pheno_Rate,Coef,SE,z,P,P FDR Adj.,OR,L95CI,U95CI
Chronic Pain,(Intercept),,,,,-0.598884611,0.02096918,-28.56023028,2.10E-179,,0.549424116,0.527300754,0.572475684
Chronic Pain,R185H,1821,0.416803954,462158,0.417573644,-0.016970976,0.04782559,-0.354851375,0.722700938,0.94835554,0.983172219,0.895199095,1.07979065
Chronic Pain,I228M,1332,0.405405405,462158,0.417573644,-0.032596745,0.055993946,-0.582147669,0.560467219,0.94835554,0.967928803,0.867322084,1.080205595
Chronic Pain,P610T,24397,0.415583883,462158,0.417573644,-0.001350565,0.01338688,-0.100887221,0.919639987,0.94835554,0.998650346,0.972788247,1.025200004
Chronic Pain,G616R,74,0.554054054,462158,0.417573644,0.545038178,0.234297114,2.326269277,0.02000419,0.459553591,1.724674226,1.089605642,2.729887835
Chronic Pain,K655R,2415,0.40621118,462158,0.417573644,-0.044832546,0.041620068,-1.077185803,0.281397267,0.779714836,0.956157581,0.881255328,1.037426147
Chronic Pain,W719C,188,0.356382979,462158,0.417573644,-0.415542346,0.153753016,-2.702661437,0.006878677,0.459553591,0.659982245,0.48826438,0.892091623
Chronic Pain,I720K,244,0.381147541,462158,0.417573644,-0.144094239,0.132074219,-1.091009585,0.275268665,0.779714836,0.865806151,0.668339027,1.121616817
Chronic Pain,I739V,3716,0.424111948,462158,0.417573644,0.036218206,0.033402208,1.084305763,0.278229251,0.779714836,1.036882076,0.971173523,1.107036399
Chronic Pain,V810M,210,0.438095238,462158,0.417573644,0.079785981,0.139882675,0.57037786,0.568421443,0.94835554,1.083055248,0.823341629,1.424692533
Chronic Pain,L1267V,2282,0.421560035,462158,0.417573644,0.021789283,0.042609766,0.51136829,0.609093195,0.94835554,1.022028403,0.940140584,1.111048789
Chronic Pain,W1538R,392,0.413265306,462158,0.417573644,-0.045852487,0.102857823,-0.445785116,0.655752474,0.94835554,0.955182854,0.780786276,1.168532686
Chronic Pain,age,,,,,0.006340225,0.000364989,17.37101121,1.37E-67,,1.006360367,1.005640696,1.007080552
Chronic Pain,sex,,,,,-0.205970341,0.005872814,-35.0718303,1.81E-269,,0.813857214,0.804542845,0.823279417
Chronic Pain,PC1,,,,,0.000563415,5.42E-05,10.40307029,2.40E-25,,1.000563573,1.000457368,1.000669789
Chronic Pain,PC2,,,,,-6.58E-05,0.000109383,-0.601495999,0.547509676,,0.999934209,0.999719855,1.000148609
Chronic Pain,PC3,,,,,0.002594053,0.000202484,12.81114631,1.42E-37,,1.002597421,1.0021996,1.002995399
Chronic Pain,PC4,,,,,0.001033415,0.000281866,3.666338252,0.000246048,,1.001033949,1.000481074,1.00158713
Chronic Pain,PC5,,,,,0.00216855,0.000385748,5.621679603,1.89E-08,,1.002170903,1.001413483,1.002928896
Chronic Pain,PC6,,,,,0.002594181,0.000633495,4.095030148,4.22E-05,,1.002597549,1.001353446,1.003843197
Chronic Pain,PC7,,,,,0.003552343,0.000586026,6.061749169,1.35E-09,,1.00355866,1.002406623,1.004712021
Chronic Pain,PC8,,,,,0.003492439,0.000619996,5.633003126,1.77E-08,,1.003498545,1.002279842,1.00471873
Chronic Pain,PC9,,,,,0.001288896,0.000659265,1.955050989,0.050577052,,1.001289727,0.999996737,1.002584389
Chronic Pain,PC10,,,,,0.003056146,0.000702889,4.347975753,1.37E-05,,1.003060821,1.001679892,1.004443653
Neuropathic Pain,(Intercept),,,,,-1.247292398,0.070822511,-17.61152471,2.01E-69,,0.287281589,0.250047465,0.33006018
Neuropathic Pain,R185H,271,0.169741697,69790,0.181086115,-0.080025735,0.162325067,-0.492996779,0.622014863,0.94835554,0.92309259,0.671539215,1.268875907
Neuropathic Pain,I228M,202,0.183168317,69790,0.181086115,0.040657625,0.182257885,0.223077456,0.823475224,0.94835554,1.041495463,0.728645586,1.488669965
Neuropathic Pain,P610T,3848,0.173076923,69790,0.181086115,-0.041820279,0.043830445,-0.95413769,0.34001395,0.836913832,0.959042125,0.880092775,1.045073682
Neuropathic Pain,G616R,12,0.083333333,69790,0.181086115,-0.869192399,1.044258487,-0.832353684,0.405209337,0.851436844,0.419290032,0.054153156,3.246424494
Neuropathic Pain,K655R,409,0.190709046,69790,0.181086115,0.06231567,0.126342304,0.49322886,0.621850888,0.94835554,1.064298259,0.830842324,1.36335229
Neuropathic Pain,W719C,10,0.2,69790,0.181086115,-0.211672033,0.797303195,-0.265484993,0.790635869,0.94835554,0.809230055,0.169587494,3.861447946
Neuropathic Pain,I720K,45,0.133333333,69790,0.181086115,-0.333550612,0.438737963,-0.760250173,0.447105059,0.877914431,0.71637564,0.303165318,1.692786174
Neuropathic Pain,I739V,608,0.172697368,69790,0.181086115,-0.042802479,0.10784132,-0.396902402,0.691439433,0.94835554,0.958100616,0.775558808,1.183606945
Neuropathic Pain,V810M,41,0.195121951,69790,0.181086115,0.097611142,0.394649628,0.247336207,0.80464804,0.94835554,1.102533973,0.508697303,2.389596235
Neuropathic Pain,L1267V,338,0.159763314,69790,0.181086115,-0.143494494,0.148870143,-0.963890344,0.335100906,0.836913832,0.86632557,0.647083475,1.159850349
Neuropathic Pain,W1538R,70,0.285714286,69790,0.181086115,0.570852492,0.265098613,2.153359032,0.031290473,0.459553591,1.769775127,1.052595702,2.975600217
Neuropathic Pain,age,,,,,-0.004337382,0.001262451,-3.43568295,0.000591062,,0.995672011,0.993211361,0.998138757
Neuropathic Pain,sex,,,,,-0.013915893,0.019497786,-0.713716556,0.475402467,,0.986180486,0.949203988,1.024597413
Neuropathic Pain,PC1,,,,,0.001341549,0.000257107,5.217863249,1.81E-07,,1.00134245,1.000837971,1.001847183
Neuropathic Pain,PC2,,,,,-0.000993782,0.000473637,-2.098195278,0.035887899,,0.999006711,0.998079736,0.999934548
Neuropathic Pain,PC3,,,,,0.001005643,0.000884539,1.136912184,0.255574998,,1.001006148,0.999272212,1.002743094
Neuropathic Pain,PC4,,,,,0.002004315,0.000986392,2.031966833,0.042157014,,1.002006325,1.00007099,1.003945406
Neuropathic Pain,PC5,,,,,0.006650244,0.001310277,5.075449455,3.87E-07,,1.006672406,1.004090445,1.009261007
Neuropathic Pain,PC6,,,,,0.001379934,0.002740705,0.503496039,0.614615565,,1.001380886,0.99601611,1.006774559
Neuropathic Pain,PC7,,,,,0.005180892,0.002100952,2.465973232,0.013664155,,1.005194336,1.001063591,1.009342126
Neuropathic Pain,PC8,,,,,0.006537743,0.002320528,2.817352099,0.004842141,,1.006559161,1.00199149,1.011147655
Neuropathic Pain,PC9,,,,,-0.003414434,0.002154807,-1.584565912,0.113064995,,0.996591389,0.992391239,1.000809315
Neuropathic Pain,PC10,,,,,-0.002176138,0.00293495,-0.741456455,0.458416725,,0.997826228,0.992102708,1.003582768
NaV Blocker,(Intercept),,,,,-3.663238968,0.109921792,-33.32586644,1.63E-243,,0.025649301,0.020677985,0.0318158
NaV Blocker,R185H,575,0.026086957,148298,0.030593804,-0.213449707,0.271199176,-0.787058832,0.431247428,0.873843472,0.807792786,0.474734256,1.374514639
NaV Blocker,I228M,445,0.031460674,148298,0.030593804,0.03811366,0.272101284,0.140071592,0.888603426,0.94835554,1.038849302,0.609446045,1.770801337
NaV Blocker,P610T,7947,0.030829244,148298,0.030593804,0.006393279,0.066773877,0.095745216,0.923722928,0.94835554,1.00641376,0.882952813,1.147137923
NaV Blocker,G616R,29,0,148298,0.030593804,-10.12123724,99.33261013,-0.101892392,0.918842089,0.94835554,4.02E-05,1.12E-89,1.44E+80
NaV Blocker,K655R,804,0.038557214,148298,0.030593804,0.233913973,0.183881791,1.272088838,0.203341557,0.779714836,1.26353579,0.88117914,1.81180264
NaV Blocker,W719C,45,0,148298,0.030593804,-9.924519049,79.73051636,-0.12447579,0.900938568,0.94835554,4.90E-05,6.64E-73,3.61E+63
NaV Blocker,I720K,78,0.051282051,148298,0.030593804,0.54627476,0.513778381,1.0632498,0.287668684,0.779714836,1.726808246,0.630822431,4.726951002
NaV Blocker,I739V,1293,0.021655066,148298,0.030593804,-0.350747427,0.191733088,-1.829352616,0.067346801,0.576189298,0.704161584,0.483577213,1.025365799
NaV Blocker,V810M,63,0.047619048,148298,0.030593804,0.488780289,0.592157984,0.825422104,0.40913199,0.851436844,1.630326479,0.51076312,5.203908285
NaV Blocker,L1267V,809,0.022249691,148298,0.030593804,-0.328119742,0.238915175,-1.373373384,0.1696363,0.768352651,0.720276767,0.450952402,1.150450955
NaV Blocker,W1538R,135,0.037037037,148298,0.030593804,0.204388706,0.45620756,0.44801692,0.654140985,0.94835554,1.226774915,0.501687376,2.999829706
NaV Blocker,age,,,,,0.00453791,0.0018905,2.400376105,0.016378234,,1.004548222,1.000832878,1.008277359
NaV Blocker,sex,,,,,-0.165407503,0.029966296,-5.519784655,3.39E-08,,0.847548255,0.799202084,0.898819034
NaV Blocker,PC1,,,,,-0.000751189,0.000354075,-2.121555671,0.033875068,,0.999249093,0.998555868,0.999942799
NaV Blocker,PC2,,,,,0.000961914,0.000690981,1.392098394,0.163892604,,1.000962376,0.999607668,1.002318921
NaV Blocker,PC3,,,,,-0.000238627,0.001211349,-0.196992731,0.843833226,,0.999761402,0.99739054,1.002137899
NaV Blocker,PC4,,,,,-0.000289742,0.001454773,-0.199166297,0.842132662,,0.9997103,0.996863831,1.002564898
NaV Blocker,PC5,,,,,0.001983411,0.001862253,1.065059771,0.286848882,,1.001985379,0.998334783,1.005649325
NaV Blocker,PC6,,,,,-0.003858943,0.003738359,-1.032255892,0.301952258,,0.996148493,0.988876205,1.003474262
NaV Blocker,PC7,,,,,-0.004347582,0.003195586,-1.360495733,0.173673102,,0.995661855,0.989445166,1.001917604
NaV Blocker,PC8,,,,,-0.005177382,0.003409312,-1.518600005,0.12886321,,0.994835998,0.988210414,1.001506003
NaV Blocker,PC9,,,,,0.00683686,0.004267524,1.602067287,0.109140731,,1.006860285,0.99847368,1.015317333
NaV Blocker,PC10,,,,,0.002699752,0.00386662,0.698220342,0.485039407,,1.0027034,0.99513306,1.01033133
TCA,(Intercept),,,,,-1.240470655,0.043269734,-28.66832141,9.48E-181,,0.28924805,0.265728721,0.314849046
TCA,R185H,575,0.262608696,148298,0.260279977,0.014702515,0.09599071,0.153166018,0.878267355,0.94835554,1.014811128,0.840768204,1.224881747
TCA,I228M,445,0.249438202,148298,0.260279977,-0.033090238,0.110773876,-0.298718788,0.765154621,0.94835554,0.967451255,0.778639562,1.202047747
TCA,P610T,7947,0.253680634,148298,0.260279977,-0.028100679,0.026759265,-1.050128941,0.293658834,0.779714836,0.972290473,0.922609843,1.024646301
TCA,G616R,29,0.310344828,148298,0.260279977,0.178037774,0.405848242,0.438680657,0.660892945,0.94835554,1.194870455,0.539331547,2.647194311
TCA,K655R,804,0.256218905,148298,0.260279977,-0.018055175,0.081769299,-0.220806278,0.825243275,0.94835554,0.982106844,0.836672135,1.152821771
TCA,W719C,45,0.177777778,148298,0.260279977,-0.581765222,0.394443603,-1.474900894,0.14023919,0.768352651,0.558910893,0.257979622,1.210876211
TCA,I720K,78,0.192307692,148298,0.260279977,-0.422763928,0.289412284,-1.460767046,0.144079382,0.768352651,0.655233297,0.37157223,1.155443381
TCA,I739V,1293,0.286156226,148298,0.260279977,0.137186111,0.062522282,2.194195529,0.028221356,0.459553591,1.147041605,1.014750164,1.296579681
TCA,V810M,63,0.238095238,148298,0.260279977,-0.086372213,0.2986478,-0.289210948,0.772419955,0.94835554,0.917252754,0.510828224,1.647036274
TCA,L1267V,809,0.281829419,148298,0.260279977,0.118648883,0.079193388,1.498217035,0.134076871,0.768352651,1.1259745,0.964090453,1.315041105
TCA,W1538R,135,0.237037037,148298,0.260279977,-0.138575073,0.204153706,-0.678778143,0.497278444,0.911677148,0.87059789,0.583496785,1.298962917
TCA,age,,,,,0.007625457,0.000745895,10.2232346,1.56E-24,,1.007654605,1.006182537,1.009128827
TCA,sex,,,,,-0.625960512,0.012041425,-51.98392398,0,,0.53474755,0.522274637,0.547518341
TCA,PC1,,,,,6.50E-05,0.000125323,0.518872111,0.603849927,,1.000065029,0.99981941,1.000310709
TCA,PC2,,,,,0.001023556,0.00026753,3.825948812,0.000130269,,1.00102408,1.000499322,1.001549114
TCA,PC3,,,,,0.003775607,0.000464576,8.126990714,4.40E-16,,1.003782744,1.002869146,1.004697174
TCA,PC4,,,,,-0.000323253,0.000568451,-0.568655328,0.569590069,,0.9996768,0.998563616,1.000791224
TCA,PC5,,,,,-0.003155877,0.000749993,-4.207872578,2.58E-05,,0.996849098,0.995384819,0.998315531
TCA,PC6,,,,,-0.000667832,0.001412922,-0.472660135,0.636455672,,0.999332391,0.996568742,1.002103704
TCA,PC7,,,,,0.001031098,0.001189172,0.867071989,0.385902567,,1.001031629,0.998701165,1.003367532
TCA,PC8,,,,,0.002160788,0.001276258,1.693065402,0.090443019,,1.002163124,0.999659381,1.004673139
TCA,PC9,,,,,0.009386271,0.001685952,5.567342132,2.59E-08,,1.00943046,1.006100337,1.012771606
TCA,PC10,,,,,0.005067656,0.001405242,3.606251457,0.000310652,,1.005080518,1.00231606,1.007852602
Gabapentinoid,(Intercept),,,,,-2.751675342,0.06383345,-43.10710692,0,,0.06382085,0.056315307,0.07232671
Gabapentinoid,R185H,575,0.104347826,148298,0.100277819,0.051713757,0.137073723,0.377269661,0.705973216,0.94835554,1.053074264,0.804969621,1.377648767
Gabapentinoid,I228M,445,0.076404494,148298,0.100277819,-0.250768021,0.178910862,-1.401636643,0.161023779,0.768352651,0.778202878,0.548025582,1.10505739
Gabapentinoid,P610T,7947,0.092739399,148298,0.100277819,-0.08116369,0.039768582,-2.040899757,0.041260792,0.459553591,0.92204275,0.85290244,0.996787901
Gabapentinoid,G616R,29,0.172413793,148298,0.100277819,0.607306603,0.493184762,1.231397742,0.218174141,0.779714836,1.835481056,0.698140064,4.825665906
Gabapentinoid,K655R,804,0.099502488,148298,0.100277819,-0.005846825,0.118352223,-0.0494019,0.960599014,0.973238475,0.994170235,0.788346801,1.253730533
Gabapentinoid,W719C,45,0.066666667,148298,0.100277819,-0.542940391,0.601320465,-0.902913541,0.366571783,0.836913832,0.581037262,0.178792654,1.888244801
Gabapentinoid,I720K,78,0.102564103,148298,0.100277819,0.051453791,0.373974468,0.137586373,0.890567326,0.94835554,1.052800536,0.505839342,2.191187748
Gabapentinoid,I739V,1293,0.104408353,148298,0.100277819,0.068234087,0.091546225,0.745351187,0.456059445,0.877914431,1.070615897,0.894762899,1.281030314
Gabapentinoid,V810M,63,0.095238095,148298,0.100277819,-0.054315063,0.430369091,-0.12620577,0.899569044,0.94835554,0.947133653,0.407449418,2.201652809
Gabapentinoid,L1267V,809,0.096415328,148298,0.100277819,-0.028190388,0.119647093,-0.235612815,0.813733129,0.94835554,0.972203253,0.768973562,1.229143904
Gabapentinoid,W1538R,135,0.155555556,148298,0.100277819,0.45755343,0.238235712,1.920591272,0.054783256,0.527288842,1.580203174,0.990655369,2.520596112
Gabapentinoid,age,,,,,0.011549551,0.001093263,10.56429762,4.36E-26,,1.011616504,1.009451139,1.013786515
Gabapentinoid,sex,,,,,-0.298253962,0.017331027,-17.20924897,2.26E-66,,0.742112847,0.717327502,0.767754584
Gabapentinoid,PC1,,,,,0.000344298,0.000179491,1.918188713,0.055087087,,1.000344358,0.999992495,1.000696344
Gabapentinoid,PC2,,,,,0.000656643,0.000409452,1.60371075,0.108777825,,1.000656858,0.999854127,1.001460234
Gabapentinoid,PC3,,,,,0.004600045,0.000699281,6.578254213,4.76E-11,,1.004610641,1.003234675,1.005988495
Gabapentinoid,PC4,,,,,0.000270387,0.000787672,0.343273729,0.731392543,,1.000270424,0.998727361,1.00181587
Gabapentinoid,PC5,,,,,0.007545388,0.001054027,7.158627362,8.15E-13,,1.007573926,1.005494535,1.009657618
Gabapentinoid,PC6,,,,,-0.002895776,0.002331559,-1.241991055,0.214239862,,0.997108413,0.992562166,1.001675483
Gabapentinoid,PC7,,,,,-0.000913602,0.001715603,-0.532525356,0.594362185,,0.999086815,0.995732946,1.002451981
Gabapentinoid,PC8,,,,,0.002180699,0.001952355,1.116958455,0.264012089,,1.002183078,0.998355438,1.006025394
Gabapentinoid,PC9,,,,,0.010027169,0.00246314,4.070888598,4.68E-05,,1.010077609,1.005212955,1.014965806
Gabapentinoid,PC10,,,,,0.007060918,0.00199105,3.54632911,0.000390638,,1.007085905,1.003163453,1.011023693
Opioid (strong),(Intercept),,,,,-5.113073878,0.091545799,-55.85263288,0,,0.006017557,0.005029153,0.007200217
Opioid (strong),R185H,575,0.043478261,148298,0.055199666,-0.228704154,0.205378903,-1.113571799,0.26546293,0.779714836,0.795563863,0.531928177,1.189863382
Opioid (strong),I228M,445,0.056179775,148298,0.055199666,0.025983434,0.206720961,0.125693273,0.899974727,0.94835554,1.026323946,0.684415801,1.539036418
Opioid (strong),P610T,7947,0.051340128,148298,0.055199666,-0.07501975,0.052283307,-1.43487001,0.151324143,0.768352651,0.927725164,0.837365159,1.027835909
Opioid (strong),G616R,29,0.068965517,148298,0.055199666,0.233161907,0.73548086,0.31701968,0.751228669,0.94835554,1.262585884,0.298680578,5.33721719
Opioid (strong),K655R,804,0.053482587,148298,0.055199666,-0.045072947,0.157517155,-0.286146273,0.774766092,0.94835554,0.955927747,0.702010744,1.301686429
Opioid (strong),W719C,45,0.044444444,148298,0.055199666,-0.186130232,0.730028435,-0.254962989,0.798751685,0.94835554,0.830165474,0.198496072,3.471981614
Opioid (strong),I720K,78,0.051282051,148298,0.055199666,-0.082967766,0.514627362,-0.16121911,0.87192083,0.94835554,0.920380815,0.335666425,2.523638892
Opioid (strong),I739V,1293,0.068832173,148298,0.055199666,0.225542727,0.11079213,2.035728763,0.041777599,0.459553591,1.253002569,1.008425447,1.556897879
Opioid (strong),V810M,63,0.047619048,148298,0.055199666,-0.186136795,0.592862615,-0.313962781,0.753549307,0.94835554,0.830160025,0.259720943,2.65348516
Opioid (strong),L1267V,809,0.058096415,148298,0.055199666,0.048516604,0.151111733,0.321064439,0.748161559,0.94835554,1.049712801,0.780623443,1.411560175
Opioid (strong),W1538R,135,0.037037037,148298,0.055199666,-0.40620781,0.456787824,-0.889270223,0.373857871,0.836913832,0.666171716,0.272120051,1.630841804
Opioid (strong),age,,,,,0.038965135,0.0015311,25.44910649,7.22E-143,,1.039734232,1.036618712,1.042859116
Opioid (strong),sex,,,,,-0.028498294,0.022383552,-1.27318014,0.202954126,,0.971903953,0.930186612,1.015492248
Opioid (strong),PC1,,,,,-0.000216209,0.000259449,-0.833335868,0.404655333,,0.999783815,0.999275533,1.000292355
Opioid (strong),PC2,,,,,0.002918362,0.000650417,4.486911422,7.23E-06,,1.002922624,1.001644897,1.004201982
Opioid (strong),PC3,,,,,0.000572654,0.001124128,0.509421172,0.610457039,,1.000572818,0.998370693,1.002779801
Opioid (strong),PC4,,,,,0.000648236,0.001175534,0.551439098,0.581332705,,1.000648446,0.998345558,1.002956645
Opioid (strong),PC5,,,,,-0.001450697,0.001438718,-1.008325655,0.313298151,,0.998550355,0.995738522,1.001370129
Opioid (strong),PC6,,,,,-0.002927658,0.003565066,-0.821207265,0.411528219,,0.997076623,0.990133806,1.004068123
Opioid (strong),PC7,,,,,0.001391391,0.00243809,0.570689028,0.568210457,,1.00139236,0.996618465,1.006189122
Opioid (strong),PC8,,,,,0.003581338,0.002830511,1.265262023,0.205777415,,1.003587759,0.998035469,1.009170938
Opioid (strong),PC9,,,,,0.003939565,0.003160192,1.24662198,0.212536138,,1.003947335,0.997748128,1.01018506
Opioid (strong),PC10,,,,,0.008600339,0.003041979,2.827218337,0.00469543,,1.008637428,1.002641543,1.014669169
Opioid (dual),(Intercept),,,,,-2.484294793,0.050270442,-49.4185987,0,,0.083384337,0.075560255,0.092018584
Opioid (dual),R185H,575,0.191304348,148298,0.180454221,0.074914164,0.10668033,0.702230331,0.482535533,0.906225269,1.077791633,0.874433279,1.328443042
Opioid (dual),I228M,445,0.152808989,148298,0.180454221,-0.1632315,0.132227316,-1.234476394,0.217025438,0.779714836,0.84939453,0.655473738,1.10068646
Opioid (dual),P610T,7947,0.1731471,148298,0.180454221,-0.042904361,0.030553793,-1.404223727,0.160252239,0.768352651,0.958003008,0.902316624,1.017126071
Opioid (dual),G616R,29,0.344827586,148298,0.180454221,0.858317145,0.392768829,2.185298532,0.028866965,0.459553591,2.359187181,1.09252359,5.094410964
Opioid (dual),K655R,804,0.180348259,148298,0.180454221,-0.001519981,0.09222007,-0.016482102,0.98684978,0.98684978,0.998481174,0.8333752,1.196297484
Opioid (dual),W719C,45,0.133333333,148298,0.180454221,-0.501053799,0.442017438,-1.133561159,0.256978673,0.779714836,0.605891835,0.254766465,1.440946773
Opioid (dual),I720K,78,0.217948718,148298,0.180454221,0.252708413,0.275216453,0.918216955,0.358505294,0.836913832,1.287507802,0.750725029,2.208100538
Opioid (dual),I739V,1293,0.196442382,148298,0.180454221,0.120471152,0.070537529,1.707901508,0.087654619,0.674940569,1.128028199,0.982374769,1.295277176
Opioid (dual),V810M,63,0.238095238,148298,0.180454221,0.351198265,0.296955301,1.182663734,0.236942442,0.779714836,1.420768986,0.793871139,2.54271054
Opioid (dual),L1267V,809,0.195302843,148298,0.180454221,0.10891972,0.089211028,1.22092216,0.222115493,0.779714836,1.115072829,0.936192751,1.328131855
Opioid (dual),W1538R,135,0.155555556,148298,0.180454221,-0.208845689,0.238100855,-0.877131203,0.380415378,0.836913832,0.811520452,0.508890016,1.29412137
Opioid (dual),age,,,,,0.018245947,0.000858707,21.24817007,3.43E-100,,1.018413421,1.016700807,1.020128921
Opioid (dual),sex,,,,,-0.212054412,0.013394195,-15.83181431,1.88E-56,,0.808920682,0.787960723,0.830438181
Opioid (dual),PC1,,,,,0.000521944,0.000138524,3.767904483,0.000164624,,1.00052208,1.000250469,1.000793765
Opioid (dual),PC2,,,,,0.00082556,0.000303572,2.719484908,0.006538368,,1.000825901,1.000230585,1.001421571
Opioid (dual),PC3,,,,,0.003086209,0.000526754,5.858913572,4.66E-09,,1.003090976,1.00205588,1.004127141
Opioid (dual),PC4,,,,,0.001360129,0.000646896,2.102547322,0.035505359,,1.001361055,1.000092218,1.002631502
Opioid (dual),PC5,,,,,0.004838015,0.000834198,5.799596776,6.65E-09,,1.004849737,1.003208121,1.006494039
Opioid (dual),PC6,,,,,-0.000171844,0.001687815,-0.101814282,0.91890409,,0.999828171,0.996526088,1.003141196
Opioid (dual),PC7,,,,,0.000856567,0.001349842,0.6345685,0.525709878,,1.000856934,0.998212477,1.003508397
Opioid (dual),PC8,,,,,0.005455983,0.001474461,3.700323507,0.000215325,,1.005470894,1.002569334,1.00838085
Opioid (dual),PC9,,,,,0.007015143,0.001899332,3.693478567,0.000221207,,1.007039807,1.003297878,1.010795692
Opioid (dual),PC10,,,,,0.005292257,0.001583132,3.342903306,0.000829068,,1.005306286,1.002191717,1.008430534
