Variable,Chronic Pain_OR_CI,Neuropathic Pain_OR_CI,NaV Blocker_OR_CI,TCA_OR_CI,Gabapentinoid_OR_CI,Opioid (strong)_OR_CI,Opioid (dual)_OR_CI,Chronic Pain_P FDR Adj.,Neuropathic Pain_P FDR Adj.,NaV Blocker_P FDR Adj.,TCA_P FDR Adj.,Gabapentinoid_P FDR Adj.,Opioid (strong)_P FDR Adj.,Opioid (dual)_P FDR Adj.
R185H,"0.98 [0.90, 1.08]","0.92 [0.67, 1.27]","0.81 [0.47, 1.37]","1.01 [0.84, 1.22]","1.05 [0.80, 1.38]","0.80 [0.53, 1.19]","1.08 [0.87, 1.33]",0.948355539699911,0.948355539699911,0.873843471572216,0.948355539699911,0.948355539699911,0.77971483574648,0.906225269043765
I228M,"0.97 [0.87, 1.08]","1.04 [0.73, 1.49]","1.04 [0.61, 1.77]","0.97 [0.78, 1.20]","0.78 [0.55, 1.11]","1.03 [0.68, 1.54]","0.85 [0.66, 1.10]",0.948355539699911,0.948355539699911,0.948355539699911,0.948355539699911,0.768352650935191,0.948355539699911,0.77971483574648
P610T,"1.00 [0.97, 1.03]","0.96 [0.88, 1.05]","1.01 [0.88, 1.15]","0.97 [0.92, 1.02]","0.92 [0.85, 1.00]","0.93 [0.84, 1.03]","0.96 [0.90, 1.02]",0.948355539699911,0.836913831752846,0.948355539699911,0.77971483574648,0.459553591230747,0.768352650935191,0.768352650935191
G616R,"1.72 [1.09, 2.73]","0.42 [0.05, 3.25]","0.00 [0.00, Inf]","1.19 [0.54, 2.65]","1.84 [0.70, 4.83]","1.26 [0.30, 5.34]","2.36 [1.09, 5.09]",0.459553591230747,0.851436843764679,0.948355539699911,0.948355539699911,0.77971483574648,0.948355539699911,0.459553591230747
K655R,"0.96 [0.88, 1.04]","1.06 [0.83, 1.36]","1.26 [0.88, 1.81]","0.98 [0.84, 1.15]","0.99 [0.79, 1.25]","0.96 [0.70, 1.30]","1.00 [0.83, 1.20]",0.77971483574648,0.948355539699911,0.77971483574648,0.948355539699911,0.973238474691761,0.948355539699911,0.986849780292609
W719C,"0.66 [0.49, 0.89]","0.81 [0.17, 3.86]","0.00 [0.00, Inf]","0.56 [0.26, 1.21]","0.58 [0.18, 1.89]","0.83 [0.20, 3.47]","0.61 [0.25, 1.44]",0.459553591230747,0.948355539699911,0.948355539699911,0.768352650935191,0.836913831752846,0.948355539699911,0.77971483574648
I720K,"0.87 [0.67, 1.12]","0.72 [0.30, 1.69]","1.73 [0.63, 4.73]","0.66 [0.37, 1.16]","1.05 [0.51, 2.19]","0.92 [0.34, 2.52]","1.29 [0.75, 2.21]",0.77971483574648,0.877914430843732,0.77971483574648,0.768352650935191,0.948355539699911,0.948355539699911,0.836913831752846
I739V,"1.04 [0.97, 1.11]","0.96 [0.78, 1.18]","0.70 [0.48, 1.03]","1.15 [1.01, 1.30]","1.07 [0.89, 1.28]","1.25 [1.01, 1.56]","1.13 [0.98, 1.30]",0.77971483574648,0.948355539699911,0.576189298409516,0.459553591230747,0.877914430843732,0.459553591230747,0.674940569207615
V810M,"1.08 [0.82, 1.42]","1.10 [0.51, 2.39]","1.63 [0.51, 5.20]","0.92 [0.51, 1.65]","0.95 [0.41, 2.20]","0.83 [0.26, 2.65]","1.42 [0.79, 2.54]",0.948355539699911,0.948355539699911,0.851436843764679,0.948355539699911,0.948355539699911,0.948355539699911,0.77971483574648
L1267V,"1.02 [0.94, 1.11]","0.87 [0.65, 1.16]","0.72 [0.45, 1.15]","1.13 [0.96, 1.32]","0.97 [0.77, 1.23]","1.05 [0.78, 1.41]","1.12 [0.94, 1.33]",0.948355539699911,0.836913831752846,0.768352650935191,0.768352650935191,0.948355539699911,0.948355539699911,0.77971483574648
W1538R,"0.96 [0.78, 1.17]","1.77 [1.05, 2.98]","1.23 [0.50, 3.00]","0.87 [0.58, 1.30]","1.58 [0.99, 2.52]","0.67 [0.27, 1.63]","0.81 [0.51, 1.29]",0.948355539699911,0.459553591230747,0.948355539699911,0.911677148221878,0.527288842497326,0.836913831752846,0.836913831752846
